"","country","year","auth.type","auth.name","income.on","income.off","income.pcn","income.tfs","income.cong.ch","income.total","expend.on","expend.off","expend.tfs","expend.cong.ch","expend.total","surplus.budget","transport.total","wpl.logical","dpe.status","dpe.year","pcn.number","pnc.number","key"
"1","Scotland",2012,"LA","Aberdeen City",NA,NA,NA,NA,NA,0,NA,NA,NA,NA,0,NA,NA,FALSE,NA,NA,NA,NA,NA
"2","Scotland",2012,"LA","Aberdeenshire",NA,NA,NA,NA,NA,674,NA,NA,NA,NA,409,NA,NA,FALSE,NA,NA,NA,NA,NA
"3","Scotland",2012,"LA","Angus",NA,NA,NA,NA,NA,3,NA,NA,NA,NA,134,NA,NA,FALSE,NA,NA,NA,NA,NA
"4","Scotland",2012,"LA","Argyll and Bute",NA,NA,NA,NA,NA,719,NA,NA,NA,NA,315,NA,NA,FALSE,NA,NA,NA,NA,NA
"5","Scotland",2012,"LA","Clackmannanshire",NA,NA,NA,NA,NA,15,NA,NA,NA,NA,109,NA,NA,FALSE,NA,NA,NA,NA,NA
"6","Scotland",2012,"LA","Dumfries & Galloway",NA,NA,NA,NA,NA,26,NA,NA,NA,NA,293,NA,NA,FALSE,NA,NA,NA,NA,NA
"7","Scotland",2012,"LA","Dundee City",NA,NA,NA,NA,NA,3383,NA,NA,NA,NA,3018,NA,NA,FALSE,NA,NA,NA,NA,NA
"8","Scotland",2012,"LA","East Ayrshire",NA,NA,NA,NA,NA,1150,NA,NA,NA,NA,843,NA,NA,FALSE,NA,NA,NA,NA,NA
"9","Scotland",2012,"LA","East Dunbartonshire",NA,NA,NA,NA,NA,0,NA,NA,NA,NA,113,NA,NA,FALSE,NA,NA,NA,NA,NA
"10","Scotland",2012,"LA","East Lothian",NA,NA,NA,NA,NA,0,NA,NA,NA,NA,0,NA,NA,FALSE,NA,NA,NA,NA,NA
"11","Scotland",2012,"LA","East Renfrewshire",NA,NA,NA,NA,NA,86,NA,NA,NA,NA,210,NA,NA,FALSE,NA,NA,NA,NA,NA
"12","Scotland",2012,"LA","City of Edinburgh",NA,NA,NA,NA,NA,23684,NA,NA,NA,NA,8508,NA,NA,FALSE,NA,NA,NA,NA,NA
"13","Scotland",2012,"LA","Eilean Siar",NA,NA,NA,NA,NA,35,NA,NA,NA,NA,19,NA,NA,FALSE,NA,NA,NA,NA,NA
"14","Scotland",2012,"LA","Falkirk",NA,NA,NA,NA,NA,456,NA,NA,NA,NA,372,NA,NA,FALSE,NA,NA,NA,NA,NA
"15","Scotland",2012,"LA","Fife",NA,NA,NA,NA,NA,2647,NA,NA,NA,NA,1794,NA,NA,FALSE,NA,NA,NA,NA,NA
"16","Scotland",2012,"LA","Glasgow City",NA,NA,NA,NA,NA,17437,NA,NA,NA,NA,6574,NA,NA,FALSE,NA,NA,NA,NA,NA
"17","Scotland",2012,"LA","Highland",NA,NA,NA,NA,NA,1218,NA,NA,NA,NA,982,NA,NA,FALSE,NA,NA,NA,NA,NA
"18","Scotland",2012,"LA","Inverclyde",NA,NA,NA,NA,NA,0,NA,NA,NA,NA,0,NA,NA,FALSE,NA,NA,NA,NA,NA
"19","Scotland",2012,"LA","Midlothian",NA,NA,NA,NA,NA,0,NA,NA,NA,NA,82,NA,NA,FALSE,NA,NA,NA,NA,NA
"20","Scotland",2012,"LA","Moray",NA,NA,NA,NA,NA,681,NA,NA,NA,NA,420,NA,NA,FALSE,NA,NA,NA,NA,NA
"21","Scotland",2012,"LA","North Ayrshire",NA,NA,NA,NA,NA,131,NA,NA,NA,NA,389,NA,NA,FALSE,NA,NA,NA,NA,NA
"22","Scotland",2012,"LA","North Lanarkshire",NA,NA,NA,NA,NA,0,NA,NA,NA,NA,0,NA,NA,FALSE,NA,NA,NA,NA,NA
"23","Scotland",2012,"LA","Orkney Islands",NA,NA,NA,NA,NA,111,NA,NA,NA,NA,105,NA,NA,FALSE,NA,NA,NA,NA,NA
"24","Scotland",2012,"LA","Perth and Kinross",NA,NA,NA,NA,NA,3012,NA,NA,NA,NA,2405,NA,NA,FALSE,NA,NA,NA,NA,NA
"25","Scotland",2012,"LA","Renfrewshire",NA,NA,NA,NA,NA,1024,NA,NA,NA,NA,455,NA,NA,FALSE,NA,NA,NA,NA,NA
"26","Scotland",2012,"LA","Scottish Borders",NA,NA,NA,NA,NA,174,NA,NA,NA,NA,305,NA,NA,FALSE,NA,NA,NA,NA,NA
"27","Scotland",2012,"LA","Shetland Islands",NA,NA,NA,NA,NA,15,NA,NA,NA,NA,25,NA,NA,FALSE,NA,NA,NA,NA,NA
"28","Scotland",2012,"LA","South Ayrshire",NA,NA,NA,NA,NA,612,NA,NA,NA,NA,439,NA,NA,FALSE,NA,NA,NA,NA,NA
"29","Scotland",2012,"LA","South Lanarkshire",NA,NA,NA,NA,NA,2141,NA,NA,NA,NA,1830,NA,NA,FALSE,NA,NA,NA,NA,NA
"30","Scotland",2012,"LA","Stirling",NA,NA,NA,NA,NA,2188,NA,NA,NA,NA,2267,NA,NA,FALSE,NA,NA,NA,NA,NA
"31","Scotland",2012,"LA","West Dunbartonshire",NA,NA,NA,NA,NA,0,NA,NA,NA,NA,79,NA,NA,FALSE,NA,NA,NA,NA,NA
"32","Scotland",2012,"LA","West Lothian",NA,NA,NA,NA,NA,0,NA,NA,NA,NA,96,NA,NA,FALSE,NA,NA,NA,NA,NA
"33","Scotland",2013,"LA","Aberdeen City",NA,NA,NA,NA,NA,0,NA,NA,NA,NA,0,NA,NA,FALSE,NA,NA,NA,NA,NA
"34","Scotland",2013,"LA","Aberdeenshire",NA,NA,NA,NA,NA,697,NA,NA,NA,NA,455,NA,NA,FALSE,NA,NA,NA,NA,NA
"35","Scotland",2013,"LA","Angus",NA,NA,NA,NA,NA,6,NA,NA,NA,NA,167,NA,NA,FALSE,NA,NA,NA,NA,NA
"36","Scotland",2013,"LA","Argyll and Bute",NA,NA,NA,NA,NA,711,NA,NA,NA,NA,432,NA,NA,FALSE,NA,NA,NA,NA,NA
"37","Scotland",2013,"LA","Clackmannanshire",NA,NA,NA,NA,NA,14,NA,NA,NA,NA,106,NA,NA,FALSE,NA,NA,NA,NA,NA
"38","Scotland",2013,"LA","Dumfries & Galloway",NA,NA,NA,NA,NA,15,NA,NA,NA,NA,239,NA,NA,FALSE,NA,NA,NA,NA,NA
"39","Scotland",2013,"LA","Dundee City",NA,NA,NA,NA,NA,3605,NA,NA,NA,NA,2864,NA,NA,FALSE,NA,NA,NA,NA,NA
"40","Scotland",2013,"LA","East Ayrshire",NA,NA,NA,NA,NA,1242,NA,NA,NA,NA,1009,NA,NA,FALSE,NA,NA,NA,NA,NA
"41","Scotland",2013,"LA","East Dunbartonshire",NA,NA,NA,NA,NA,0,NA,NA,NA,NA,284,NA,NA,FALSE,NA,NA,NA,NA,NA
"42","Scotland",2013,"LA","East Lothian",NA,NA,NA,NA,NA,0,NA,NA,NA,NA,0,NA,NA,FALSE,NA,NA,NA,NA,NA
"43","Scotland",2013,"LA","East Renfrewshire",NA,NA,NA,NA,NA,186,NA,NA,NA,NA,258,NA,NA,FALSE,NA,NA,NA,NA,NA
"44","Scotland",2013,"LA","City of Edinburgh",NA,NA,NA,NA,NA,24736,NA,NA,NA,NA,9433,NA,NA,FALSE,NA,NA,NA,NA,NA
"45","Scotland",2013,"LA","Eilean Siar",NA,NA,NA,NA,NA,30,NA,NA,NA,NA,81,NA,NA,FALSE,NA,NA,NA,NA,NA
"46","Scotland",2013,"LA","Falkirk",NA,NA,NA,NA,NA,454,NA,NA,NA,NA,318,NA,NA,FALSE,NA,NA,NA,NA,NA
"47","Scotland",2013,"LA","Fife",NA,NA,NA,NA,NA,2971,NA,NA,NA,NA,2636,NA,NA,FALSE,NA,NA,NA,NA,NA
"48","Scotland",2013,"LA","Glasgow City",NA,NA,NA,NA,NA,17868,NA,NA,NA,NA,7565,NA,NA,FALSE,NA,NA,NA,NA,NA
"49","Scotland",2013,"LA","Highland",NA,NA,NA,NA,NA,1243,NA,NA,NA,NA,955,NA,NA,FALSE,NA,NA,NA,NA,NA
"50","Scotland",2013,"LA","Inverclyde",NA,NA,NA,NA,NA,0,NA,NA,NA,NA,130,NA,NA,FALSE,NA,NA,NA,NA,NA
"51","Scotland",2013,"LA","Midlothian",NA,NA,NA,NA,NA,0,NA,NA,NA,NA,56,NA,NA,FALSE,NA,NA,NA,NA,NA
"52","Scotland",2013,"LA","Moray",NA,NA,NA,NA,NA,655,NA,NA,NA,NA,437,NA,NA,FALSE,NA,NA,NA,NA,NA
"53","Scotland",2013,"LA","North Ayrshire",NA,NA,NA,NA,NA,178,NA,NA,NA,NA,363,NA,NA,FALSE,NA,NA,NA,NA,NA
"54","Scotland",2013,"LA","North Lanarkshire",NA,NA,NA,NA,NA,0,NA,NA,NA,NA,0,NA,NA,FALSE,NA,NA,NA,NA,NA
"55","Scotland",2013,"LA","Orkney Islands",NA,NA,NA,NA,NA,87,NA,NA,NA,NA,112,NA,NA,FALSE,NA,NA,NA,NA,NA
"56","Scotland",2013,"LA","Perth and Kinross",NA,NA,NA,NA,NA,3019,NA,NA,NA,NA,2307,NA,NA,FALSE,NA,NA,NA,NA,NA
"57","Scotland",2013,"LA","Renfrewshire",NA,NA,NA,NA,NA,1063,NA,NA,NA,NA,449,NA,NA,FALSE,NA,NA,NA,NA,NA
"58","Scotland",2013,"LA","Scottish Borders",NA,NA,NA,NA,NA,147,NA,NA,NA,NA,353,NA,NA,FALSE,NA,NA,NA,NA,NA
"59","Scotland",2013,"LA","Shetland Islands",NA,NA,NA,NA,NA,4,NA,NA,NA,NA,5,NA,NA,FALSE,NA,NA,NA,NA,NA
"60","Scotland",2013,"LA","South Ayrshire",NA,NA,NA,NA,NA,826,NA,NA,NA,NA,581,NA,NA,FALSE,NA,NA,NA,NA,NA
"61","Scotland",2013,"LA","South Lanarkshire",NA,NA,NA,NA,NA,2161,NA,NA,NA,NA,1702,NA,NA,FALSE,NA,NA,NA,NA,NA
"62","Scotland",2013,"LA","Stirling",NA,NA,NA,NA,NA,2223,NA,NA,NA,NA,2072,NA,NA,FALSE,NA,NA,NA,NA,NA
"63","Scotland",2013,"LA","West Dunbartonshire",NA,NA,NA,NA,NA,0,NA,NA,NA,NA,83,NA,NA,FALSE,NA,NA,NA,NA,NA
"64","Scotland",2013,"LA","West Lothian",NA,NA,NA,NA,NA,0,NA,NA,NA,NA,143,NA,NA,FALSE,NA,NA,NA,NA,NA
"65","Scotland",2014,"LA","Aberdeen City",NA,NA,NA,NA,NA,0,NA,NA,NA,NA,0,NA,NA,FALSE,NA,NA,NA,4645,NA
"66","Scotland",2014,"LA","Aberdeenshire",NA,NA,NA,NA,NA,-635,NA,NA,NA,NA,505,NA,NA,FALSE,NA,NA,NA,NA,NA
"67","Scotland",2014,"LA","Angus",NA,NA,NA,NA,NA,-6,NA,NA,NA,NA,133,NA,NA,FALSE,NA,NA,NA,NA,NA
"68","Scotland",2014,"LA","Argyll and Bute",NA,NA,NA,NA,NA,-1005,NA,NA,NA,NA,679,NA,NA,FALSE,NA,NA,NA,5929,NA
"69","Scotland",2014,"LA","Clackmannanshire",NA,NA,NA,NA,NA,-15,NA,NA,NA,NA,112,NA,NA,FALSE,NA,NA,NA,NA,NA
"70","Scotland",2014,"LA","Dumfries & Galloway",NA,NA,NA,NA,NA,-14,NA,NA,NA,NA,216,NA,NA,FALSE,NA,NA,NA,NA,NA
"71","Scotland",2014,"LA","Dundee City",NA,NA,NA,NA,NA,-3876,NA,NA,NA,NA,2681,NA,NA,FALSE,NA,NA,NA,25415,NA
"72","Scotland",2014,"LA","East Ayrshire",NA,NA,NA,NA,NA,-1493,NA,NA,NA,NA,1241,NA,NA,FALSE,NA,NA,NA,6232,NA
"73","Scotland",2014,"LA","East Dunbartonshire",NA,NA,NA,NA,NA,-54,NA,NA,NA,NA,384,NA,NA,FALSE,NA,NA,NA,3948,NA
"74","Scotland",2014,"LA","East Lothian",NA,NA,NA,NA,NA,0,NA,NA,NA,NA,0,NA,NA,FALSE,NA,NA,NA,NA,NA
"75","Scotland",2014,"LA","East Renfrewshire",NA,NA,NA,NA,NA,-211,NA,NA,NA,NA,288,NA,NA,FALSE,NA,NA,NA,4322,NA
"76","Scotland",2014,"LA","City of Edinburgh",NA,NA,NA,NA,NA,-25894,NA,NA,NA,NA,8539,NA,NA,FALSE,NA,NA,NA,17934,NA
"77","Scotland",2014,"LA","Eilean Siar",NA,NA,NA,NA,NA,-38,NA,NA,NA,NA,86,NA,NA,FALSE,NA,NA,NA,NA,NA
"78","Scotland",2014,"LA","Falkirk",NA,NA,NA,NA,NA,-419,NA,NA,NA,NA,365,NA,NA,FALSE,NA,NA,NA,NA,NA
"79","Scotland",2014,"LA","Fife",NA,NA,NA,NA,NA,-3302,NA,NA,NA,NA,3003,NA,NA,FALSE,NA,NA,NA,19248,NA
"80","Scotland",2014,"LA","Glasgow City",NA,NA,NA,NA,NA,-18025,NA,NA,NA,NA,6670,NA,NA,FALSE,NA,NA,NA,116937,NA
"81","Scotland",2014,"LA","Highland",NA,NA,NA,NA,NA,-1353,NA,NA,NA,NA,950,NA,NA,FALSE,NA,NA,NA,NA,NA
"82","Scotland",2014,"LA","Inverclyde",NA,NA,NA,NA,NA,-157,NA,NA,NA,NA,250,NA,NA,FALSE,NA,NA,NA,3439,NA
"83","Scotland",2014,"LA","Midlothian",NA,NA,NA,NA,NA,0,NA,NA,NA,NA,94,NA,NA,FALSE,NA,NA,NA,NA,NA
"84","Scotland",2014,"LA","Moray",NA,NA,NA,NA,NA,-670,NA,NA,NA,NA,433,NA,NA,FALSE,NA,NA,NA,NA,NA
"85","Scotland",2014,"LA","North Ayrshire",NA,NA,NA,NA,NA,-193,NA,NA,NA,NA,859,NA,NA,FALSE,NA,NA,NA,NA,NA
"86","Scotland",2014,"LA","North Lanarkshire",NA,NA,NA,NA,NA,0,NA,NA,NA,NA,0,NA,NA,FALSE,NA,NA,NA,NA,NA
"87","Scotland",2014,"LA","Orkney Islands",NA,NA,NA,NA,NA,-80,NA,NA,NA,NA,90,NA,NA,FALSE,NA,NA,NA,NA,NA
"88","Scotland",2014,"LA","Perth and Kinross",NA,NA,NA,NA,NA,-2916,NA,NA,NA,NA,2245,NA,NA,FALSE,NA,NA,NA,977,NA
"89","Scotland",2014,"LA","Renfrewshire",NA,NA,NA,NA,NA,-1063,NA,NA,NA,NA,540,NA,NA,FALSE,NA,NA,NA,7497,NA
"90","Scotland",2014,"LA","Scottish Borders",NA,NA,NA,NA,NA,-127,NA,NA,NA,NA,364,NA,NA,FALSE,NA,NA,NA,NA,NA
"91","Scotland",2014,"LA","Shetland Islands",NA,NA,NA,NA,NA,-29,NA,NA,NA,NA,28,NA,NA,FALSE,NA,NA,NA,NA,NA
"92","Scotland",2014,"LA","South Ayrshire",NA,NA,NA,NA,NA,-775,NA,NA,NA,NA,529,NA,NA,FALSE,NA,NA,NA,6716,NA
"93","Scotland",2014,"LA","South Lanarkshire",NA,NA,NA,NA,NA,-2281,NA,NA,NA,NA,1674,NA,NA,FALSE,NA,NA,NA,22412,NA
"94","Scotland",2014,"LA","Stirling",NA,NA,NA,NA,NA,-2019,NA,NA,NA,NA,1880,NA,NA,FALSE,NA,NA,NA,NA,NA
"95","Scotland",2014,"LA","West Dunbartonshire",NA,NA,NA,NA,NA,0,NA,NA,NA,NA,90,NA,NA,FALSE,NA,NA,NA,NA,NA
"96","Scotland",2014,"LA","West Lothian",NA,NA,NA,NA,NA,0,NA,NA,NA,NA,105,NA,NA,FALSE,NA,NA,NA,NA,NA
"97","Scotland",2015,"LA","Aberdeen City",NA,NA,NA,NA,NA,0,NA,NA,NA,NA,0,NA,NA,FALSE,NA,NA,NA,37754,NA
"98","Scotland",2015,"LA","Aberdeenshire",NA,NA,NA,NA,NA,-416,NA,NA,NA,NA,568,NA,NA,FALSE,NA,NA,NA,NA,NA
"99","Scotland",2015,"LA","Angus",NA,NA,NA,NA,NA,-6,NA,NA,NA,NA,114,NA,NA,FALSE,NA,NA,NA,NA,NA
"100","Scotland",2015,"LA","Argyll and Bute",NA,NA,NA,NA,NA,-1089,NA,NA,NA,NA,726,NA,NA,FALSE,NA,NA,NA,8123,NA
"101","Scotland",2015,"LA","Clackmannanshire",NA,NA,NA,NA,NA,-14,NA,NA,NA,NA,92,NA,NA,FALSE,NA,NA,NA,NA,NA
"102","Scotland",2015,"LA","Dumfries & Galloway",NA,NA,NA,NA,NA,-14,NA,NA,NA,NA,248,NA,NA,FALSE,NA,NA,NA,NA,NA
"103","Scotland",2015,"LA","Dundee City",NA,NA,NA,NA,NA,-4485,NA,NA,NA,NA,2840,NA,NA,FALSE,NA,NA,NA,31332,NA
"104","Scotland",2015,"LA","East Ayrshire",NA,NA,NA,NA,NA,-1528,NA,NA,NA,NA,962,NA,NA,FALSE,NA,NA,NA,5391,NA
"105","Scotland",2015,"LA","East Dunbartonshire",NA,NA,NA,NA,NA,-53,NA,NA,NA,NA,549,NA,NA,FALSE,NA,NA,NA,3331,NA
"106","Scotland",2015,"LA","East Lothian",NA,NA,NA,NA,NA,0,NA,NA,NA,NA,0,NA,NA,FALSE,NA,NA,NA,NA,NA
"107","Scotland",2015,"LA","East Renfrewshire",NA,NA,NA,NA,NA,-211,NA,NA,NA,NA,378,NA,NA,FALSE,NA,NA,NA,5696,NA
"108","Scotland",2015,"LA","City of Edinburgh",NA,NA,NA,NA,NA,-27712,NA,NA,NA,NA,8355,NA,NA,FALSE,NA,NA,NA,184964,NA
"109","Scotland",2015,"LA","Eilean Siar",NA,NA,NA,NA,NA,-37,NA,NA,NA,NA,93,NA,NA,FALSE,NA,NA,NA,NA,NA
"110","Scotland",2015,"LA","Falkirk",NA,NA,NA,NA,NA,-223,NA,NA,NA,NA,223,NA,NA,FALSE,NA,NA,NA,NA,NA
"111","Scotland",2015,"LA","Fife",NA,NA,NA,NA,NA,-2958,NA,NA,NA,NA,2779,NA,NA,FALSE,NA,NA,NA,1994,NA
"112","Scotland",2015,"LA","Glasgow City",NA,NA,NA,NA,NA,-19530,NA,NA,NA,NA,6948,NA,NA,FALSE,NA,NA,NA,11892,NA
"113","Scotland",2015,"LA","Highland",NA,NA,NA,NA,NA,-1519,NA,NA,NA,NA,1119,NA,NA,FALSE,NA,NA,NA,NA,NA
"114","Scotland",2015,"LA","Inverclyde",NA,NA,NA,NA,NA,-328,NA,NA,NA,NA,297,NA,NA,FALSE,NA,NA,NA,626,NA
"115","Scotland",2015,"LA","Midlothian",NA,NA,NA,NA,NA,0,NA,NA,NA,NA,135,NA,NA,FALSE,NA,NA,NA,NA,NA
"116","Scotland",2015,"LA","Moray",NA,NA,NA,NA,NA,-681,NA,NA,NA,NA,425,NA,NA,FALSE,NA,NA,NA,NA,NA
"117","Scotland",2015,"LA","North Ayrshire",NA,NA,NA,NA,NA,-165,NA,NA,NA,NA,279,NA,NA,FALSE,NA,NA,NA,NA,NA
"118","Scotland",2015,"LA","North Lanarkshire",NA,NA,NA,NA,NA,0,NA,NA,NA,NA,0,NA,NA,FALSE,NA,NA,NA,NA,NA
"119","Scotland",2015,"LA","Orkney Islands",NA,NA,NA,NA,NA,-85,NA,NA,NA,NA,98,NA,NA,FALSE,NA,NA,NA,NA,NA
"120","Scotland",2015,"LA","Perth and Kinross",NA,NA,NA,NA,NA,-2856,NA,NA,NA,NA,2635,NA,NA,FALSE,NA,NA,NA,7133,NA
"121","Scotland",2015,"LA","Renfrewshire",NA,NA,NA,NA,NA,-1066,NA,NA,NA,NA,368,NA,NA,FALSE,NA,NA,NA,7588,NA
"122","Scotland",2015,"LA","Scottish Borders",NA,NA,NA,NA,NA,-141,NA,NA,NA,NA,349,NA,NA,FALSE,NA,NA,NA,NA,NA
"123","Scotland",2015,"LA","Shetland Islands",NA,NA,NA,NA,NA,-72,NA,NA,NA,NA,71,NA,NA,FALSE,NA,NA,NA,NA,NA
"124","Scotland",2015,"LA","South Ayrshire",NA,NA,NA,NA,NA,0,NA,NA,NA,NA,-327,NA,NA,FALSE,NA,NA,NA,5968,NA
"125","Scotland",2015,"LA","South Lanarkshire",NA,NA,NA,NA,NA,-2462,NA,NA,NA,NA,1832,NA,NA,FALSE,NA,NA,NA,23513,NA
"126","Scotland",2015,"LA","Stirling",NA,NA,NA,NA,NA,-1671,NA,NA,NA,NA,1508,NA,NA,FALSE,NA,NA,NA,NA,NA
"127","Scotland",2015,"LA","West Dunbartonshire",NA,NA,NA,NA,NA,0,NA,NA,NA,NA,86,NA,NA,FALSE,NA,NA,NA,NA,NA
"128","Scotland",2015,"LA","West Lothian",NA,NA,NA,NA,NA,0,NA,NA,NA,NA,143,NA,NA,FALSE,NA,NA,NA,NA,NA
"129","Scotland",2016,"LA","Aberdeen City",NA,NA,161294,84313,NA,0,NA,NA,414338,NA,0,NA,NA,FALSE,NA,2003,NA,37754,"dpe.now"
"130","Scotland",2016,"LA","Aberdeenshire",NA,NA,NA,NA,NA,-488,NA,NA,NA,NA,589,NA,NA,FALSE,NA,NA,NA,NA,"dpe.not"
"131","Scotland",2016,"LA","Angus",NA,NA,NA,NA,NA,-6,NA,NA,NA,NA,190,NA,NA,FALSE,NA,2017,NA,NA,"dpe.now"
"132","Scotland",2016,"LA","Argyll and Bute",NA,NA,41752,1228821,NA,-1089,NA,NA,272457,NA,726,NA,NA,FALSE,NA,2014,NA,318,"dpe.now"
"133","Scotland",2016,"LA","Clackmannanshire",NA,NA,NA,NA,NA,0,NA,NA,NA,NA,0,NA,NA,FALSE,NA,NA,NA,NA,"dpe.not"
"134","Scotland",2016,"LA","Dumfries & Galloway",NA,NA,NA,NA,NA,-15,NA,NA,NA,NA,210,NA,NA,FALSE,NA,NA,NA,NA,"dpe.not"
"135","Scotland",2016,"LA","Dundee City",NA,NA,11431,4713171,NA,-3751,NA,NA,3644591,NA,2848,NA,NA,FALSE,NA,2004,NA,29266,"dpe.now"
"136","Scotland",2016,"LA","East Ayrshire",NA,NA,24623,1359746,NA,-1790,NA,NA,86288,NA,955,NA,NA,FALSE,NA,2012,NA,5995,"dpe.now"
"137","Scotland",2016,"LA","East Dunbartonshire",NA,NA,143412,18368,NA,-184,NA,NA,187798,NA,341,NA,NA,FALSE,NA,NA,NA,474,"dpe.now"
"138","Scotland",2016,"LA","East Lothian",NA,NA,2817,8317,NA,-84,NA,NA,182454,NA,170,NA,NA,FALSE,NA,2017,NA,953,"dpe.now"
"139","Scotland",2016,"LA","East Renfrewshire",NA,NA,211568,211568,NA,-216,NA,NA,186671,NA,345,NA,NA,FALSE,NA,2013,NA,3742,"dpe.now"
"140","Scotland",2016,"LA","City of Edinburgh",NA,NA,56157,297867,NA,-30234,NA,NA,8277146,NA,8365,NA,NA,FALSE,NA,1998,NA,192381,"dpe.now"
"141","Scotland",2016,"LA","Eilean Siar",NA,NA,NA,NA,NA,-36,NA,NA,NA,NA,102,NA,NA,FALSE,NA,NA,NA,NA,"dpe.not"
"142","Scotland",2016,"LA","Falkirk",NA,NA,NA,NA,NA,-462,NA,NA,NA,NA,320,NA,NA,FALSE,NA,NA,NA,NA,"dpe.next"
"143","Scotland",2016,"LA","Fife",NA,NA,612723,3454,NA,-3467,NA,NA,268432,NA,3013,NA,NA,FALSE,NA,2013,NA,2142,"dpe.now"
"144","Scotland",2016,"LA","Glasgow City",NA,NA,485727,596493,NA,-20203,NA,NA,56436,NA,6952,NA,NA,FALSE,NA,1999,NA,13391,"dpe.now"
"145","Scotland",2016,"LA","Highland",NA,NA,7575,93852,NA,-1815,NA,NA,143213,NA,1334,NA,NA,FALSE,NA,2016,NA,411,"dpe.now"
"146","Scotland",2016,"LA","Inverclyde",NA,NA,313848,351771,NA,-385,NA,NA,334678,NA,346,NA,NA,FALSE,NA,2014,NA,72,"dpe.now"
"147","Scotland",2016,"LA","Midlothian",NA,NA,NA,NA,NA,0,NA,NA,NA,NA,229,NA,NA,FALSE,NA,NA,NA,NA,"dpe.next"
"148","Scotland",2016,"LA","Moray",NA,NA,NA,NA,NA,-690,NA,NA,NA,NA,362,NA,NA,FALSE,NA,NA,NA,NA,"dpe.not"
"149","Scotland",2016,"LA","North Ayrshire",NA,NA,NA,NA,NA,-195,NA,NA,NA,NA,336,NA,NA,FALSE,NA,NA,NA,NA,"dpe.not"
"150","Scotland",2016,"LA","North Lanarkshire",NA,NA,NA,NA,NA,0,NA,NA,NA,NA,0,NA,NA,FALSE,NA,2017,NA,NA,"dpe.now"
"151","Scotland",2016,"LA","Orkney Islands",NA,NA,NA,NA,NA,-110,NA,NA,NA,NA,134,NA,NA,FALSE,NA,NA,NA,NA,"dpe.not"
"152","Scotland",2016,"LA","Perth and Kinross",NA,NA,313247,29543,NA,-2905,NA,NA,37916,NA,2395,NA,NA,FALSE,NA,2002,NA,785,"dpe.now"
"153","Scotland",2016,"LA","Renfrewshire",NA,NA,16311,152145,NA,-1052,NA,NA,43352,NA,289,NA,NA,FALSE,NA,2010,NA,616,"dpe.now"
"154","Scotland",2016,"LA","Scottish Borders",NA,NA,NA,NA,NA,-174,NA,NA,NA,NA,390,NA,NA,FALSE,NA,NA,NA,NA,"dpe.not"
"155","Scotland",2016,"LA","Shetland Islands",NA,NA,NA,NA,NA,-27,NA,NA,NA,NA,36,NA,NA,FALSE,NA,NA,NA,NA,"dpe.not"
"156","Scotland",2016,"LA","South Ayrshire",NA,NA,197752,964384,NA,-1187,NA,NA,429116,NA,706,NA,NA,FALSE,NA,2012,NA,5238,"dpe.now"
"157","Scotland",2016,"LA","South Lanarkshire",NA,NA,75614,2351563,NA,-2352,NA,NA,2352597,NA,1696,NA,NA,FALSE,NA,2005,NA,23693,"dpe.now"
"158","Scotland",2016,"LA","Stirling",NA,NA,NA,NA,NA,-1620,NA,NA,NA,NA,1546,NA,NA,FALSE,NA,2017,NA,NA,"dpe.now"
"159","Scotland",2016,"LA","West Dunbartonshire",NA,NA,NA,NA,NA,0,NA,NA,NA,NA,77,NA,NA,FALSE,NA,NA,NA,NA,"dpe.not"
"160","Scotland",2016,"LA","West Lothian",NA,NA,NA,NA,NA,0,NA,NA,NA,NA,149,NA,NA,FALSE,NA,NA,NA,NA,"dpe.not"
"161","Scotland",2017,"LA","Aberdeen City",NA,NA,1736479,8396757,NA,0,NA,NA,4146126,NA,0,NA,NA,FALSE,NA,2003,NA,4392,"dpe.now"
"162","Scotland",2017,"LA","Aberdeenshire",NA,NA,NA,NA,NA,-443,NA,NA,NA,NA,625,NA,NA,FALSE,NA,NA,NA,NA,"dpe.not"
"163","Scotland",2017,"LA","Angus",NA,NA,21931,21931,NA,0,NA,NA,297721,NA,159,NA,NA,FALSE,NA,2017,NA,6273,"dpe.now"
"164","Scotland",2017,"LA","Argyll and Bute",NA,NA,18698,151496,NA,-1052,NA,NA,31582,NA,705,NA,NA,FALSE,NA,2014,NA,6269,"dpe.now"
"165","Scotland",2017,"LA","Clackmannanshire",NA,NA,NA,NA,NA,0,NA,NA,NA,NA,0,NA,NA,FALSE,NA,NA,NA,NA,"dpe.not"
"166","Scotland",2017,"LA","Dumfries & Galloway",NA,NA,NA,NA,NA,-17,NA,NA,NA,NA,213,NA,NA,FALSE,NA,NA,NA,NA,"dpe.not"
"167","Scotland",2017,"LA","Dundee City",NA,NA,126686,596284,NA,-5094,NA,NA,429566,NA,3401,NA,NA,FALSE,NA,2004,NA,21837,"dpe.now"
"168","Scotland",2017,"LA","East Ayrshire",NA,NA,216427,128428,NA,-1746,NA,NA,69515,NA,1360,NA,NA,FALSE,NA,2012,NA,6262,"dpe.now"
"169","Scotland",2017,"LA","East Dunbartonshire",NA,NA,171448,22387,NA,-323,NA,NA,22916,NA,513,NA,NA,FALSE,NA,NA,NA,531,"dpe.now"
"170","Scotland",2017,"LA","East Lothian",NA,NA,278696,333696,NA,-458,NA,NA,43392,NA,463,NA,NA,FALSE,NA,2017,NA,14,"dpe.now"
"171","Scotland",2017,"LA","East Renfrewshire",NA,NA,19438,19438,NA,-193,NA,NA,184463,NA,336,NA,NA,FALSE,NA,2013,NA,5176,"dpe.now"
"172","Scotland",2017,"LA","City of Edinburgh",NA,NA,59336,3168797,NA,-32556,NA,NA,762553,NA,8737,NA,NA,FALSE,NA,1998,NA,191563,"dpe.now"
"173","Scotland",2017,"LA","Eilean Siar",NA,NA,NA,NA,NA,-47,NA,NA,NA,NA,130,NA,NA,FALSE,NA,NA,NA,NA,"dpe.not"
"174","Scotland",2017,"LA","Falkirk",NA,NA,NA,NA,NA,-411,NA,NA,NA,NA,275,NA,NA,FALSE,NA,2018,NA,NA,"dpe.now"
"175","Scotland",2017,"LA","Fife",NA,NA,586273,3434242,NA,-3579,NA,NA,267917,NA,3204,NA,NA,FALSE,NA,2013,NA,2189,"dpe.now"
"176","Scotland",2017,"LA","Glasgow City",NA,NA,442776,218173,NA,-20086,NA,NA,6691598,NA,7544,NA,NA,FALSE,NA,1999,NA,12555,"dpe.now"
"177","Scotland",2017,"LA","Highland",NA,NA,264597,675373,NA,-2251,NA,NA,64839,NA,1607,NA,NA,FALSE,NA,2016,NA,9477,"dpe.now"
"178","Scotland",2017,"LA","Inverclyde",NA,NA,279285,352817,NA,-396,NA,NA,35465,NA,397,NA,NA,FALSE,NA,2014,NA,859,"dpe.now"
"179","Scotland",2017,"LA","Midlothian",NA,NA,NA,NA,NA,0,NA,NA,NA,NA,211,NA,NA,FALSE,NA,2018,NA,NA,"dpe.now"
"180","Scotland",2017,"LA","Moray",NA,NA,NA,NA,NA,-676,NA,NA,NA,NA,434,NA,NA,FALSE,NA,NA,NA,NA,"dpe.not"
"181","Scotland",2017,"LA","North Ayrshire",NA,NA,NA,NA,NA,-185,NA,NA,NA,NA,437,NA,NA,FALSE,NA,NA,NA,NA,"dpe.next"
"182","Scotland",2017,"LA","North Lanarkshire",NA,NA,NA,NA,NA,0,NA,NA,NA,NA,0,NA,NA,FALSE,NA,2017,NA,NA,"dpe.now"
"183","Scotland",2017,"LA","Orkney Islands",NA,NA,NA,NA,NA,-149,NA,NA,NA,NA,134,NA,NA,FALSE,NA,NA,NA,NA,"dpe.not"
"184","Scotland",2017,"LA","Perth and Kinross",NA,NA,51668,3226723,NA,-3225,NA,NA,2684135,NA,2499,NA,NA,FALSE,NA,2002,NA,14469,"dpe.now"
"185","Scotland",2017,"LA","Renfrewshire",NA,NA,179819,1279,NA,-1021,NA,NA,452385,NA,424,NA,NA,FALSE,NA,2010,NA,6823,"dpe.now"
"186","Scotland",2017,"LA","Scottish Borders",NA,NA,NA,NA,NA,-165,NA,NA,NA,NA,387,NA,NA,FALSE,NA,NA,NA,NA,"dpe.not"
"187","Scotland",2017,"LA","Shetland Islands",NA,NA,NA,NA,NA,-28,NA,NA,NA,NA,24,NA,NA,FALSE,NA,NA,NA,NA,"dpe.not"
"188","Scotland",2017,"LA","South Ayrshire",NA,NA,192756,799716,NA,-886,NA,NA,4719,NA,579,NA,NA,FALSE,NA,2012,NA,5824,"dpe.now"
"189","Scotland",2017,"LA","South Lanarkshire",NA,NA,698198,2274814,NA,-2275,NA,NA,2272117,NA,1502,NA,NA,FALSE,NA,2005,NA,2952,"dpe.now"
"190","Scotland",2017,"LA","Stirling",NA,NA,295449,1864983,NA,-2488,NA,NA,1761923,NA,1963,NA,NA,FALSE,NA,2017,NA,9975,"dpe.now"
"191","Scotland",2017,"LA","West Dunbartonshire",NA,NA,NA,NA,NA,0,NA,NA,NA,NA,98,NA,NA,FALSE,NA,NA,NA,NA,"dpe.not"
"192","Scotland",2017,"LA","West Lothian",NA,NA,NA,NA,NA,0,NA,NA,NA,NA,144,NA,NA,FALSE,NA,NA,NA,NA,"dpe.not"
"193","Wales",2004,"LA","Isle of Anglesey ",NA,NA,NA,NA,NA,252,NA,NA,NA,NA,181,NA,9185,FALSE,NA,NA,NA,NA,NA
"194","Wales",2004,"LA","Gwynedd ",NA,NA,NA,NA,NA,1309,NA,NA,NA,NA,585,NA,14719,FALSE,NA,NA,NA,NA,NA
"195","Wales",2004,"LA","Conwy ",NA,NA,NA,NA,NA,1134,NA,NA,NA,NA,558,NA,8836,FALSE,NA,NA,NA,NA,NA
"196","Wales",2004,"LA","Denbighshire ",NA,NA,NA,NA,NA,930,NA,NA,NA,NA,735,NA,7632,FALSE,NA,NA,NA,NA,NA
"197","Wales",2004,"LA","Flintshire ",NA,NA,NA,NA,NA,263,NA,NA,NA,NA,420,NA,13237,FALSE,NA,NA,NA,NA,NA
"198","Wales",2004,"LA","Wrexham ",NA,NA,NA,NA,NA,683.772,NA,NA,NA,NA,388.66,NA,9705.613,FALSE,NA,NA,NA,NA,NA
"199","Wales",2004,"LA","Powys ",NA,NA,NA,NA,NA,934.215,NA,NA,NA,NA,599.85,NA,14051.58,FALSE,NA,NA,NA,NA,NA
"200","Wales",2004,"LA","Ceredigion ",NA,NA,NA,NA,NA,436.071,NA,NA,NA,NA,395.297,NA,9748.599,FALSE,NA,NA,NA,NA,NA
"201","Wales",2004,"LA","Pembrokeshire ",NA,NA,NA,NA,NA,711,NA,NA,NA,NA,477,NA,10451,FALSE,NA,NA,NA,NA,NA
"202","Wales",2004,"LA","Carmarthenshire ",NA,NA,NA,NA,NA,1579,NA,NA,NA,NA,1140,NA,16520,FALSE,NA,NA,NA,NA,NA
"203","Wales",2004,"LA","Swansea ",NA,NA,NA,NA,NA,3685,NA,NA,NA,NA,1688,NA,14444,FALSE,NA,NA,NA,NA,NA
"204","Wales",2004,"LA","Neath Port Talbot ",NA,NA,NA,NA,NA,953,NA,NA,NA,NA,985,NA,11378,FALSE,NA,NA,NA,NA,NA
"205","Wales",2004,"LA","Bridgend ",NA,NA,NA,NA,NA,1334,NA,NA,NA,NA,483,NA,8886,FALSE,NA,NA,NA,NA,NA
"206","Wales",2004,"LA","Vale of Glamorgan ",NA,NA,NA,NA,NA,148,NA,NA,NA,NA,290,NA,7484,FALSE,NA,NA,NA,NA,NA
"207","Wales",2004,"LA","Rhondda Cynon Taf ",NA,NA,NA,NA,NA,906.299,NA,NA,NA,NA,659.314,NA,14171.98,FALSE,NA,NA,NA,NA,NA
"208","Wales",2004,"LA","Merthyr Tydfil ",NA,NA,NA,NA,NA,511,NA,NA,NA,NA,336,NA,3002,FALSE,NA,NA,NA,NA,NA
"209","Wales",2004,"LA","Caerphilly ",NA,NA,NA,NA,NA,545,NA,NA,NA,NA,408,NA,17409,FALSE,NA,NA,NA,NA,NA
"210","Wales",2004,"LA","Blaenau Gwent ",NA,NA,NA,NA,NA,0,NA,NA,NA,NA,229.422,NA,6356.6,FALSE,NA,NA,NA,NA,NA
"211","Wales",2004,"LA","Torfaen ",NA,NA,NA,NA,NA,15,NA,NA,NA,NA,302,NA,6656,FALSE,NA,NA,NA,NA,NA
"212","Wales",2004,"LA","Monmouthshire ",NA,NA,NA,NA,NA,791,NA,NA,NA,NA,379,NA,7367,FALSE,NA,NA,NA,NA,NA
"213","Wales",2004,"LA","Newport ",NA,NA,NA,NA,NA,2326,NA,NA,NA,NA,814,NA,10665,FALSE,NA,NA,NA,NA,NA
"214","Wales",2004,"LA","Cardiff ",NA,NA,NA,NA,NA,2547,NA,NA,NA,NA,1156,NA,34757,FALSE,NA,NA,NA,NA,NA
"215","Wales",2005,"LA","Isle of Anglesey ",NA,NA,NA,NA,NA,309,NA,NA,NA,NA,210,NA,8783,FALSE,NA,NA,NA,NA,NA
"216","Wales",2005,"LA","Gwynedd ",NA,NA,NA,NA,NA,1261,NA,NA,NA,NA,552,NA,15606,FALSE,NA,NA,NA,NA,NA
"217","Wales",2005,"LA","Conwy ",NA,NA,NA,NA,NA,1187,NA,NA,NA,NA,703,NA,9297,FALSE,NA,NA,NA,NA,NA
"218","Wales",2005,"LA","Denbighshire ",NA,NA,NA,NA,NA,1192,NA,NA,NA,NA,631,NA,7787,FALSE,NA,NA,NA,NA,NA
"219","Wales",2005,"LA","Flintshire ",NA,NA,NA,NA,NA,260,NA,NA,NA,NA,385,NA,12013,FALSE,NA,NA,NA,NA,NA
"220","Wales",2005,"LA","Wrexham ",NA,NA,NA,NA,NA,735.206,NA,NA,NA,NA,483.619,NA,10108,FALSE,NA,NA,NA,NA,NA
"221","Wales",2005,"LA","Powys ",NA,NA,NA,NA,NA,1050.367,NA,NA,NA,NA,670.039,NA,17064.48,FALSE,NA,NA,NA,NA,NA
"222","Wales",2005,"LA","Ceredigion ",NA,NA,NA,NA,NA,448,NA,NA,NA,NA,440,NA,10252,FALSE,NA,NA,NA,NA,NA
"223","Wales",2005,"LA","Pembrokeshire ",NA,NA,NA,NA,NA,686,NA,NA,NA,NA,580,NA,10243,FALSE,NA,NA,NA,NA,NA
"224","Wales",2005,"LA","Carmarthenshire ",NA,NA,NA,NA,NA,1777,NA,NA,NA,NA,1057,NA,17144,FALSE,NA,NA,NA,NA,NA
"225","Wales",2005,"LA","Swansea ",NA,NA,NA,NA,NA,3679,NA,NA,NA,NA,2099,NA,17207,FALSE,NA,NA,NA,NA,NA
"226","Wales",2005,"LA","Neath Port Talbot ",NA,NA,NA,NA,NA,1033,NA,NA,NA,NA,1036.4,NA,12912.8,FALSE,NA,NA,NA,NA,NA
"227","Wales",2005,"LA","Bridgend ",NA,NA,NA,NA,NA,1433,NA,NA,NA,NA,511,NA,9210,FALSE,NA,NA,NA,NA,NA
"228","Wales",2005,"LA","Vale of Glamorgan ",NA,NA,NA,NA,NA,176,NA,NA,NA,NA,290,NA,7765,FALSE,NA,NA,NA,NA,NA
"229","Wales",2005,"LA","Rhondda Cynon Taf ",NA,NA,NA,NA,NA,834.557,NA,NA,NA,NA,660.934,NA,15655.61,FALSE,NA,NA,NA,NA,NA
"230","Wales",2005,"LA","Merthyr Tydfil ",NA,NA,NA,NA,NA,490.415,NA,NA,NA,NA,289.3528,NA,4169.811,FALSE,NA,NA,NA,NA,NA
"231","Wales",2005,"LA","Caerphilly ",NA,NA,NA,NA,NA,547,NA,NA,NA,NA,373.07,NA,17749.1,FALSE,NA,NA,NA,NA,NA
"232","Wales",2005,"LA","Blaenau Gwent ",NA,NA,NA,NA,NA,76.18,NA,NA,NA,NA,184.24,NA,6038.452,FALSE,NA,NA,NA,NA,NA
"233","Wales",2005,"LA","Torfaen ",NA,NA,NA,NA,NA,15,NA,NA,NA,NA,251,NA,6103,FALSE,NA,NA,NA,NA,NA
"234","Wales",2005,"LA","Monmouthshire ",NA,NA,NA,NA,NA,1049.4,NA,NA,NA,NA,483.4,NA,6904.2,FALSE,NA,NA,NA,NA,NA
"235","Wales",2005,"LA","Newport ",NA,NA,NA,NA,NA,2254,NA,NA,NA,NA,1022,NA,15491,FALSE,NA,NA,NA,NA,NA
"236","Wales",2005,"LA","Cardiff ",NA,NA,NA,NA,NA,2793,NA,NA,NA,NA,1324,NA,33253,FALSE,NA,NA,NA,NA,NA
"237","Wales",2006,"LA","Isle of Anglesey ",NA,NA,NA,NA,NA,291,NA,NA,NA,NA,330,NA,9575,FALSE,NA,NA,NA,NA,NA
"238","Wales",2006,"LA","Gwynedd ",NA,NA,NA,NA,NA,1317,NA,NA,NA,NA,759,NA,16570,FALSE,NA,NA,NA,NA,NA
"239","Wales",2006,"LA","Conwy ",NA,NA,NA,NA,NA,1323,NA,NA,NA,NA,939,NA,9702,FALSE,NA,NA,NA,NA,NA
"240","Wales",2006,"LA","Denbighshire ",NA,NA,NA,NA,NA,1541,NA,NA,NA,NA,837,NA,8396,FALSE,NA,NA,NA,NA,NA
"241","Wales",2006,"LA","Flintshire ",NA,NA,NA,NA,NA,257,NA,NA,NA,NA,326,NA,11636,FALSE,NA,NA,NA,NA,NA
"242","Wales",2006,"LA","Wrexham ",NA,NA,NA,NA,NA,747.956,NA,NA,NA,NA,471.044,NA,10506,FALSE,NA,NA,NA,NA,NA
"243","Wales",2006,"LA","Powys ",NA,NA,NA,NA,NA,1221.378,NA,NA,NA,NA,754.951,NA,19021.53,FALSE,NA,NA,NA,NA,NA
"244","Wales",2006,"LA","Ceredigion ",NA,NA,NA,NA,NA,541,NA,NA,NA,NA,428,NA,11295,FALSE,NA,NA,NA,NA,NA
"245","Wales",2006,"LA","Pembrokeshire ",NA,NA,NA,NA,NA,776,NA,NA,NA,NA,569,NA,11306,FALSE,NA,NA,NA,NA,NA
"246","Wales",2006,"LA","Carmarthenshire ",NA,NA,NA,NA,NA,2095,NA,NA,NA,NA,1086,NA,17723,FALSE,NA,NA,NA,NA,NA
"247","Wales",2006,"LA","Swansea ",NA,NA,NA,NA,NA,3555,NA,NA,NA,NA,2153,NA,17909,FALSE,NA,NA,NA,NA,NA
"248","Wales",2006,"LA","Neath Port Talbot ",NA,NA,NA,NA,NA,792.434,NA,NA,NA,NA,1092.301,NA,12727.58,FALSE,NA,NA,NA,NA,NA
"249","Wales",2006,"LA","Bridgend ",NA,NA,NA,NA,NA,1568,NA,NA,NA,NA,510,NA,10523,FALSE,NA,NA,NA,NA,NA
"250","Wales",2006,"LA","Vale of Glamorgan ",NA,NA,NA,NA,NA,208,NA,NA,NA,NA,304,NA,8281,FALSE,NA,NA,NA,NA,NA
"251","Wales",2006,"LA","Rhondda Cynon Taf ",NA,NA,NA,NA,NA,823.161,NA,NA,NA,NA,734.996,NA,13843.51,FALSE,NA,NA,NA,NA,NA
"252","Wales",2006,"LA","Merthyr Tydfil ",NA,NA,NA,NA,NA,499.9939,NA,NA,NA,NA,320.5206,NA,4051.629,FALSE,NA,NA,NA,NA,NA
"253","Wales",2006,"LA","Caerphilly ",NA,NA,NA,NA,NA,522,NA,NA,NA,NA,340.53,NA,20616.89,FALSE,NA,NA,NA,NA,NA
"254","Wales",2006,"LA","Blaenau Gwent ",NA,NA,NA,NA,NA,0,NA,NA,NA,NA,253,NA,7143,FALSE,NA,NA,NA,NA,NA
"255","Wales",2006,"LA","Torfaen ",NA,NA,NA,NA,NA,5,NA,NA,NA,NA,117,NA,6694,FALSE,NA,NA,NA,NA,NA
"256","Wales",2006,"LA","Monmouthshire ",NA,NA,NA,NA,NA,1084.632,NA,NA,NA,NA,373.02,NA,6509.911,FALSE,NA,NA,NA,NA,NA
"257","Wales",2006,"LA","Newport ",NA,NA,NA,NA,NA,2064,NA,NA,NA,NA,1064,NA,15057.01,FALSE,NA,NA,NA,NA,NA
"258","Wales",2006,"LA","Cardiff ",NA,NA,NA,NA,NA,2884,NA,NA,NA,NA,1308,NA,34255,FALSE,NA,NA,NA,NA,NA
"259","Wales",2007,"LA","Isle of Anglesey ",NA,NA,NA,NA,NA,450,NA,NA,NA,NA,476,NA,9866,FALSE,NA,NA,NA,NA,NA
"260","Wales",2007,"LA","Gwynedd ",NA,NA,NA,NA,NA,2171,NA,NA,NA,NA,1285,NA,17883,FALSE,NA,NA,NA,NA,NA
"261","Wales",2007,"LA","Conwy ",NA,NA,NA,NA,NA,1538,NA,NA,NA,NA,1030,NA,10146,FALSE,NA,NA,NA,NA,NA
"262","Wales",2007,"LA","Denbighshire ",NA,NA,NA,NA,NA,1572.217,NA,NA,NA,NA,788.82,NA,8506.579,FALSE,NA,NA,NA,NA,NA
"263","Wales",2007,"LA","Flintshire ",NA,NA,NA,NA,NA,237,NA,NA,NA,NA,371,NA,12154,FALSE,NA,NA,NA,NA,NA
"264","Wales",2007,"LA","Wrexham ",NA,NA,NA,NA,NA,910.001,NA,NA,NA,NA,589.389,NA,10515.08,FALSE,NA,NA,NA,NA,NA
"265","Wales",2007,"LA","Powys ",NA,NA,NA,NA,NA,1377.253,NA,NA,NA,NA,766.273,NA,19913.52,FALSE,NA,NA,NA,NA,NA
"266","Wales",2007,"LA","Ceredigion ",NA,NA,NA,NA,NA,593,NA,NA,NA,NA,471,NA,10913,FALSE,NA,NA,NA,NA,NA
"267","Wales",2007,"LA","Pembrokeshire ",NA,NA,NA,NA,NA,748,NA,NA,NA,NA,670,NA,11499,FALSE,NA,NA,NA,NA,NA
"268","Wales",2007,"LA","Carmarthenshire ",NA,NA,NA,NA,NA,2214.239,NA,NA,NA,NA,1453.281,NA,18444.56,FALSE,NA,NA,NA,NA,NA
"269","Wales",2007,"LA","Swansea ",NA,NA,NA,NA,NA,3323,NA,NA,NA,NA,2716,NA,18898,FALSE,NA,NA,NA,NA,NA
"270","Wales",2007,"LA","Neath Port Talbot ",NA,NA,NA,NA,NA,956,NA,NA,NA,NA,1104,NA,12540,FALSE,NA,NA,NA,NA,NA
"271","Wales",2007,"LA","Bridgend ",NA,NA,NA,NA,NA,1454,NA,NA,NA,NA,554,NA,11206,FALSE,NA,NA,NA,NA,NA
"272","Wales",2007,"LA","Vale of Glamorgan ",NA,NA,NA,NA,NA,233,NA,NA,NA,NA,404,NA,8355,FALSE,NA,NA,NA,NA,NA
"273","Wales",2007,"LA","Rhondda Cynon Taf ",NA,NA,NA,NA,NA,808.724,NA,NA,NA,NA,640.953,NA,16956.47,FALSE,NA,NA,NA,NA,NA
"274","Wales",2007,"LA","Merthyr Tydfil ",NA,NA,NA,NA,NA,752.7725,NA,NA,NA,NA,352.5993,NA,4231.246,FALSE,NA,NA,NA,NA,NA
"275","Wales",2007,"LA","Caerphilly ",NA,NA,NA,NA,NA,593,NA,NA,NA,NA,388.65,NA,20001.28,FALSE,NA,NA,NA,NA,NA
"276","Wales",2007,"LA","Blaenau Gwent ",NA,NA,NA,NA,NA,0,NA,NA,NA,NA,284.6,NA,7438,FALSE,NA,NA,NA,NA,NA
"277","Wales",2007,"LA","Torfaen ",NA,NA,NA,NA,NA,0,NA,NA,NA,NA,97,NA,6866,FALSE,NA,NA,NA,NA,NA
"278","Wales",2007,"LA","Monmouthshire ",NA,NA,NA,NA,NA,1252,NA,NA,NA,NA,366,NA,9229,FALSE,NA,NA,NA,NA,NA
"279","Wales",2007,"LA","Newport ",NA,NA,NA,NA,NA,1921,NA,NA,NA,NA,1057,NA,16649,FALSE,NA,NA,NA,NA,NA
"280","Wales",2007,"LA","Cardiff ",NA,NA,NA,NA,NA,3738,NA,NA,NA,NA,1416,NA,34235,FALSE,NA,NA,NA,NA,NA
"281","Wales",2008,"LA","Isle of Anglesey ",NA,NA,NA,NA,NA,357,NA,NA,NA,NA,388,NA,11065,FALSE,NA,NA,NA,NA,NA
"282","Wales",2008,"LA","Gwynedd ",NA,NA,NA,NA,NA,1881,NA,NA,NA,NA,1116,NA,17893,FALSE,NA,NA,NA,NA,NA
"283","Wales",2008,"LA","Conwy ",NA,NA,NA,NA,NA,1437,NA,NA,NA,NA,869,NA,11018,FALSE,NA,NA,NA,NA,NA
"284","Wales",2008,"LA","Denbighshire ",NA,NA,NA,NA,NA,1462.402,NA,NA,NA,NA,788.058,NA,8996.382,FALSE,NA,NA,NA,NA,NA
"285","Wales",2008,"LA","Flintshire ",NA,NA,NA,NA,NA,220,NA,NA,NA,NA,350,NA,16744,FALSE,NA,NA,NA,NA,NA
"286","Wales",2008,"LA","Wrexham ",NA,NA,NA,NA,NA,1030.469,NA,NA,NA,NA,669.679,NA,10932.57,FALSE,NA,NA,NA,NA,NA
"287","Wales",2008,"LA","Powys ",NA,NA,NA,NA,NA,1351.42,NA,NA,NA,NA,765.996,NA,21862.63,FALSE,NA,NA,NA,NA,NA
"288","Wales",2008,"LA","Ceredigion ",NA,NA,NA,NA,NA,645,NA,NA,NA,NA,484,NA,12066,FALSE,NA,NA,NA,NA,NA
"289","Wales",2008,"LA","Pembrokeshire ",NA,NA,NA,NA,NA,708,NA,NA,NA,NA,669,NA,12411,FALSE,NA,NA,NA,NA,NA
"290","Wales",2008,"LA","Carmarthenshire ",NA,NA,NA,NA,NA,1948.937,NA,NA,NA,NA,1590.938,NA,19451.03,FALSE,NA,NA,NA,NA,NA
"291","Wales",2008,"LA","Swansea ",NA,NA,NA,NA,NA,3217,NA,NA,NA,NA,2750,NA,20138,FALSE,NA,NA,NA,NA,NA
"292","Wales",2008,"LA","Neath Port Talbot ",NA,NA,NA,NA,NA,1045,NA,NA,NA,NA,1259,NA,13457,FALSE,NA,NA,NA,NA,NA
"293","Wales",2008,"LA","Bridgend ",NA,NA,NA,NA,NA,1248,NA,NA,NA,NA,542,NA,11922,FALSE,NA,NA,NA,NA,NA
"294","Wales",2008,"LA","Vale of Glamorgan ",NA,NA,NA,NA,NA,228,NA,NA,NA,NA,354,NA,9622,FALSE,NA,NA,NA,NA,NA
"295","Wales",2008,"LA","Rhondda Cynon Taf ",NA,NA,NA,NA,NA,817.197,NA,NA,NA,NA,588.719,NA,24822.43,FALSE,NA,NA,NA,NA,NA
"296","Wales",2008,"LA","Merthyr Tydfil ",NA,NA,NA,NA,NA,723.0273,NA,NA,NA,NA,344.7553,NA,4657.801,FALSE,NA,NA,NA,NA,NA
"297","Wales",2008,"LA","Caerphilly ",NA,NA,NA,NA,NA,597,NA,NA,NA,NA,399,NA,21280,FALSE,NA,NA,NA,NA,NA
"298","Wales",2008,"LA","Blaenau Gwent ",NA,NA,NA,NA,NA,2,NA,NA,NA,NA,309,NA,8011,FALSE,NA,NA,NA,NA,NA
"299","Wales",2008,"LA","Torfaen ",NA,NA,NA,NA,NA,5,NA,NA,NA,NA,98,NA,7125,FALSE,NA,NA,NA,NA,NA
"300","Wales",2008,"LA","Monmouthshire ",NA,NA,NA,NA,NA,1197.193,NA,NA,NA,NA,481.002,NA,8951.956,FALSE,NA,NA,NA,NA,NA
"301","Wales",2008,"LA","Newport ",NA,NA,NA,NA,NA,1790,NA,NA,NA,NA,1306,NA,18424,FALSE,NA,NA,NA,NA,NA
"302","Wales",2008,"LA","Cardiff ",NA,NA,NA,NA,NA,4386,NA,NA,NA,NA,1513,NA,38945,FALSE,NA,NA,NA,NA,NA
"303","Wales",2009,"LA","Isle of Anglesey ",NA,NA,NA,NA,NA,361,NA,NA,NA,NA,290,NA,10606,FALSE,NA,NA,NA,NA,NA
"304","Wales",2009,"LA","Gwynedd ",NA,NA,NA,NA,NA,2152,NA,NA,NA,NA,1257,NA,18847,FALSE,NA,NA,NA,NA,NA
"305","Wales",2009,"LA","Conwy ",NA,NA,NA,NA,NA,1497,NA,NA,NA,NA,1205,NA,11394.22,FALSE,NA,NA,NA,NA,NA
"306","Wales",2009,"LA","Denbighshire ",NA,NA,NA,NA,NA,1532.073,NA,NA,NA,NA,824.751,NA,10062.31,FALSE,NA,NA,NA,NA,NA
"307","Wales",2009,"LA","Flintshire ",NA,NA,NA,NA,NA,242,NA,NA,NA,NA,457,NA,17106,FALSE,NA,NA,NA,NA,NA
"308","Wales",2009,"LA","Wrexham ",NA,NA,NA,NA,NA,970.534,NA,NA,NA,NA,567.503,NA,11277.69,FALSE,NA,NA,NA,NA,NA
"309","Wales",2009,"LA","Powys ",NA,NA,NA,NA,NA,1435.966,NA,NA,NA,NA,780.951,NA,19004.26,FALSE,NA,NA,NA,NA,NA
"310","Wales",2009,"LA","Ceredigion ",NA,NA,NA,NA,NA,794,NA,NA,NA,NA,539,NA,11550,FALSE,NA,NA,NA,NA,NA
"311","Wales",2009,"LA","Pembrokeshire ",NA,NA,NA,NA,NA,767,NA,NA,NA,NA,665,NA,12709,FALSE,NA,NA,NA,NA,NA
"312","Wales",2009,"LA","Carmarthenshire ",NA,NA,NA,NA,NA,1996.909,NA,NA,NA,NA,1708.904,NA,21659.34,FALSE,NA,NA,NA,NA,NA
"313","Wales",2009,"LA","Swansea ",NA,NA,NA,NA,NA,4097,NA,NA,NA,NA,2525,NA,16425,FALSE,NA,NA,NA,NA,NA
"314","Wales",2009,"LA","Neath Port Talbot ",NA,NA,NA,NA,NA,1030.486,NA,NA,NA,NA,1301.479,NA,14870.27,FALSE,NA,NA,NA,NA,NA
"315","Wales",2009,"LA","Bridgend ",NA,NA,NA,NA,NA,1151.419,NA,NA,NA,NA,530.48,NA,12925,FALSE,NA,NA,NA,NA,NA
"316","Wales",2009,"LA","Vale of Glamorgan ",NA,NA,NA,NA,NA,321,NA,NA,NA,NA,419,NA,9840,FALSE,NA,NA,NA,NA,NA
"317","Wales",2009,"LA","Rhondda Cynon Taf ",NA,NA,NA,NA,NA,1111.122,NA,NA,NA,NA,655.004,NA,20063.64,FALSE,NA,NA,NA,NA,NA
"318","Wales",2009,"LA","Merthyr Tydfil ",NA,NA,NA,NA,NA,737.157,NA,NA,NA,NA,397.6298,NA,5368.049,FALSE,NA,NA,NA,NA,NA
"319","Wales",2009,"LA","Caerphilly ",NA,NA,NA,NA,NA,596,NA,NA,NA,NA,377,NA,24835.02,FALSE,NA,NA,NA,NA,NA
"320","Wales",2009,"LA","Blaenau Gwent ",NA,NA,NA,NA,NA,0,NA,NA,NA,NA,230.919,NA,7890.101,FALSE,NA,NA,NA,NA,NA
"321","Wales",2009,"LA","Torfaen ",NA,NA,NA,NA,NA,16,NA,NA,NA,NA,94,NA,8360,FALSE,NA,NA,NA,NA,NA
"322","Wales",2009,"LA","Monmouthshire ",NA,NA,NA,NA,NA,1176.433,NA,NA,NA,NA,550.534,NA,7343.261,FALSE,NA,NA,NA,NA,NA
"323","Wales",2009,"LA","Newport ",NA,NA,NA,NA,NA,1676,NA,NA,NA,NA,1068,NA,11982,FALSE,NA,NA,NA,NA,NA
"324","Wales",2009,"LA","Cardiff ",NA,NA,NA,NA,NA,4419,NA,NA,NA,NA,1510,NA,41218,FALSE,NA,NA,NA,NA,NA
"325","Wales",2010,"LA","Isle of Anglesey ",NA,NA,NA,NA,NA,366,NA,NA,NA,NA,277,NA,10781,FALSE,NA,NA,NA,NA,NA
"326","Wales",2010,"LA","Gwynedd ",NA,NA,NA,NA,NA,1899,NA,NA,NA,NA,1331,NA,19946,FALSE,NA,NA,NA,NA,NA
"327","Wales",2010,"LA","Conwy ",NA,NA,NA,NA,NA,1453,NA,NA,NA,NA,985,NA,11197,FALSE,NA,NA,NA,NA,NA
"328","Wales",2010,"LA","Denbighshire ",NA,NA,NA,NA,NA,1507.119,NA,NA,NA,NA,766.994,NA,10133.7,FALSE,NA,NA,NA,NA,NA
"329","Wales",2010,"LA","Flintshire ",NA,NA,NA,NA,NA,217,NA,NA,NA,NA,299,NA,14595.62,FALSE,NA,NA,NA,NA,NA
"330","Wales",2010,"LA","Wrexham ",NA,NA,NA,NA,NA,1006.455,NA,NA,NA,NA,515.429,NA,10925.72,FALSE,NA,NA,NA,NA,NA
"331","Wales",2010,"LA","Powys ",NA,NA,NA,NA,NA,1264.429,NA,NA,NA,NA,623.89,NA,17354.24,FALSE,NA,NA,NA,NA,NA
"332","Wales",2010,"LA","Ceredigion ",NA,NA,NA,NA,NA,871,NA,NA,NA,NA,541,NA,12569,FALSE,NA,NA,NA,NA,NA
"333","Wales",2010,"LA","Pembrokeshire ",NA,NA,NA,NA,NA,1055,NA,NA,NA,NA,921,NA,15503,FALSE,NA,NA,NA,NA,NA
"334","Wales",2010,"LA","Carmarthenshire ",NA,NA,NA,NA,NA,2022.15,NA,NA,NA,NA,1780.78,NA,24237.62,FALSE,NA,NA,NA,NA,NA
"335","Wales",2010,"LA","Swansea ",NA,NA,NA,NA,NA,4266,NA,NA,NA,NA,3012,NA,19479,FALSE,NA,NA,NA,NA,NA
"336","Wales",2010,"LA","Neath Port Talbot ",NA,NA,NA,NA,NA,1244.98,NA,NA,NA,NA,1328.77,NA,14714.98,FALSE,NA,NA,NA,NA,NA
"337","Wales",2010,"LA","Bridgend ",NA,NA,NA,NA,NA,1030.998,NA,NA,NA,NA,658.839,NA,13439.3,FALSE,NA,NA,NA,NA,NA
"338","Wales",2010,"LA","Vale of Glamorgan ",NA,NA,NA,NA,NA,321,NA,NA,NA,NA,339,NA,10027,FALSE,NA,NA,NA,NA,NA
"339","Wales",2010,"LA","Rhondda Cynon Taf ",NA,NA,NA,NA,NA,1131.688,NA,NA,NA,NA,665.119,NA,18300.16,FALSE,NA,NA,NA,NA,NA
"340","Wales",2010,"LA","Merthyr Tydfil ",NA,NA,NA,NA,NA,689.1779,NA,NA,NA,NA,380.6084,NA,5420.796,FALSE,NA,NA,NA,NA,NA
"341","Wales",2010,"LA","Caerphilly ",NA,NA,NA,NA,NA,619,NA,NA,NA,NA,561.9,NA,21200.47,FALSE,NA,NA,NA,NA,NA
"342","Wales",2010,"LA","Blaenau Gwent ",NA,NA,NA,NA,NA,0,NA,NA,NA,NA,245.275,NA,7409.423,FALSE,NA,NA,NA,NA,NA
"343","Wales",2010,"LA","Torfaen ",NA,NA,NA,NA,NA,7,NA,NA,NA,NA,201,NA,8595,FALSE,NA,NA,NA,NA,NA
"344","Wales",2010,"LA","Monmouthshire ",NA,NA,NA,NA,NA,1188.821,NA,NA,NA,NA,595.487,NA,9871.423,FALSE,NA,NA,NA,NA,NA
"345","Wales",2010,"LA","Newport ",NA,NA,NA,NA,NA,1302,NA,NA,NA,NA,885,NA,12613,FALSE,NA,NA,NA,NA,NA
"346","Wales",2010,"LA","Cardiff ",NA,NA,NA,NA,NA,5012,NA,NA,NA,NA,3084,NA,42384,FALSE,NA,NA,NA,NA,NA
"347","Wales",2011,"LA","Isle of Anglesey ",NA,NA,NA,NA,NA,344,NA,NA,NA,NA,293,NA,10240,FALSE,NA,NA,NA,NA,NA
"348","Wales",2011,"LA","Gwynedd ",NA,NA,NA,NA,NA,1968,NA,NA,NA,NA,1276,NA,19262,FALSE,NA,NA,NA,NA,NA
"349","Wales",2011,"LA","Conwy ",NA,NA,NA,NA,NA,1381.567,NA,NA,NA,NA,923.766,NA,10722.22,FALSE,NA,NA,NA,NA,NA
"350","Wales",2011,"LA","Denbighshire ",NA,NA,NA,NA,NA,1495.248,NA,NA,NA,NA,753.849,NA,9639.601,FALSE,NA,NA,NA,NA,NA
"351","Wales",2011,"LA","Flintshire ",NA,NA,NA,NA,NA,219,NA,NA,NA,NA,331,NA,14756,FALSE,NA,NA,NA,NA,NA
"352","Wales",2011,"LA","Wrexham ",NA,NA,NA,NA,NA,1131.96,NA,NA,NA,NA,611.76,NA,9563.316,FALSE,NA,NA,NA,NA,NA
"353","Wales",2011,"LA","Powys ",NA,NA,NA,NA,NA,1251.317,NA,NA,NA,NA,1006.31,NA,19131.72,FALSE,NA,NA,NA,NA,NA
"354","Wales",2011,"LA","Ceredigion ",NA,NA,NA,NA,NA,878.576,NA,NA,NA,NA,527.316,NA,10922.81,FALSE,NA,NA,NA,NA,NA
"355","Wales",2011,"LA","Pembrokeshire ",NA,NA,NA,NA,NA,1334,NA,NA,NA,NA,1072,NA,12476,FALSE,NA,NA,NA,NA,NA
"356","Wales",2011,"LA","Carmarthenshire ",NA,NA,NA,NA,NA,2148.468,NA,NA,NA,NA,1761.182,NA,20681.51,FALSE,NA,NA,NA,NA,NA
"357","Wales",2011,"LA","Swansea ",NA,NA,NA,NA,NA,4610,NA,NA,NA,NA,3184,NA,19614,FALSE,NA,NA,NA,NA,NA
"358","Wales",2011,"LA","Neath Port Talbot ",NA,NA,NA,NA,NA,1664,NA,NA,NA,NA,1381,NA,14746,FALSE,NA,NA,NA,NA,NA
"359","Wales",2011,"LA","Bridgend ",NA,NA,NA,NA,NA,1057.613,NA,NA,NA,NA,621.582,NA,12201.23,FALSE,NA,NA,NA,NA,NA
"360","Wales",2011,"LA","Vale of Glamorgan ",NA,NA,NA,NA,NA,319,NA,NA,NA,NA,442,NA,10852,FALSE,NA,NA,NA,NA,NA
"361","Wales",2011,"LA","Rhondda Cynon Taf ",NA,NA,NA,NA,NA,1084.802,NA,NA,NA,NA,731.793,NA,17889.84,FALSE,NA,NA,NA,NA,NA
"362","Wales",2011,"LA","Merthyr Tydfil ",NA,NA,NA,NA,NA,726.8506,NA,NA,NA,NA,589.8187,NA,5741.971,FALSE,NA,NA,NA,NA,NA
"363","Wales",2011,"LA","Caerphilly ",NA,NA,NA,NA,NA,647,NA,NA,NA,NA,415,NA,23271,FALSE,NA,NA,NA,NA,NA
"364","Wales",2011,"LA","Blaenau Gwent ",NA,NA,NA,NA,NA,0,NA,NA,NA,NA,284.718,NA,6941.301,FALSE,NA,NA,NA,NA,NA
"365","Wales",2011,"LA","Torfaen ",NA,NA,NA,NA,NA,5,NA,NA,NA,NA,99,NA,8759,FALSE,NA,NA,NA,NA,NA
"366","Wales",2011,"LA","Monmouthshire ",NA,NA,NA,NA,NA,1260.321,NA,NA,NA,NA,541.793,NA,7293.829,FALSE,NA,NA,NA,NA,NA
"367","Wales",2011,"LA","Newport ",NA,NA,NA,NA,NA,746,NA,NA,NA,NA,937,NA,11688,FALSE,NA,NA,NA,NA,NA
"368","Wales",2011,"LA","Cardiff ",NA,NA,NA,NA,NA,6063,NA,NA,NA,NA,3275,NA,41509,FALSE,NA,NA,NA,NA,NA
"369","Wales",2012,"LA","Isle of Anglesey ",NA,NA,NA,NA,NA,330,NA,NA,NA,NA,275,NA,10393,FALSE,NA,NA,NA,NA,NA
"370","Wales",2012,"LA","Gwynedd ",NA,NA,NA,NA,NA,2098,NA,NA,NA,NA,1294,NA,18736,FALSE,NA,NA,NA,NA,NA
"371","Wales",2012,"LA","Conwy ",NA,NA,NA,NA,NA,1367.809,NA,NA,NA,NA,807.603,NA,10328.41,FALSE,NA,NA,NA,NA,NA
"372","Wales",2012,"LA","Denbighshire ",NA,NA,NA,NA,NA,1458,NA,NA,NA,NA,781,NA,9074,FALSE,NA,NA,NA,NA,NA
"373","Wales",2012,"LA","Flintshire ",NA,NA,NA,NA,NA,208.735,NA,NA,NA,NA,308.842,NA,16043.59,FALSE,NA,NA,NA,NA,NA
"374","Wales",2012,"LA","Wrexham ",NA,NA,NA,NA,NA,846.987,NA,NA,NA,NA,606.616,NA,11408.39,FALSE,NA,NA,NA,NA,NA
"375","Wales",2012,"LA","Powys ",NA,NA,NA,NA,NA,1206.891,NA,NA,NA,NA,848.9622,NA,18709.61,FALSE,NA,NA,NA,NA,NA
"376","Wales",2012,"LA","Ceredigion ",NA,NA,NA,NA,NA,1032.172,NA,NA,NA,NA,745.091,NA,11437.62,FALSE,NA,NA,NA,NA,NA
"377","Wales",2012,"LA","Pembrokeshire ",NA,NA,NA,NA,NA,1297,NA,NA,NA,NA,1033,NA,12208,FALSE,NA,NA,NA,NA,NA
"378","Wales",2012,"LA","Carmarthenshire ",NA,NA,NA,NA,NA,2137.105,NA,NA,NA,NA,1649.687,NA,20179.31,FALSE,NA,NA,NA,NA,NA
"379","Wales",2012,"LA","Swansea ",NA,NA,NA,NA,NA,4422,NA,NA,NA,NA,3166,NA,19253,FALSE,NA,NA,NA,NA,NA
"380","Wales",2012,"LA","Neath Port Talbot ",NA,NA,NA,NA,NA,1736,NA,NA,NA,NA,1489.406,NA,15283.35,FALSE,NA,NA,NA,NA,NA
"381","Wales",2012,"LA","Bridgend ",NA,NA,NA,NA,NA,1137.688,NA,NA,NA,NA,837.674,NA,12039.76,FALSE,NA,NA,NA,NA,NA
"382","Wales",2012,"LA","Vale of Glamorgan ",NA,NA,NA,NA,NA,318,NA,NA,NA,NA,556,NA,10483,FALSE,NA,NA,NA,NA,NA
"383","Wales",2012,"LA","Rhondda Cynon Taf ",NA,NA,NA,NA,NA,1290.361,NA,NA,NA,NA,812.405,NA,18428.23,FALSE,NA,NA,NA,NA,NA
"384","Wales",2012,"LA","Merthyr Tydfil ",NA,NA,NA,NA,NA,885.0389,NA,NA,NA,NA,544.5941,NA,5619.826,FALSE,NA,NA,NA,NA,NA
"385","Wales",2012,"LA","Caerphilly ",NA,NA,NA,NA,NA,659.235,NA,NA,NA,NA,497,NA,22707.04,FALSE,NA,NA,NA,NA,NA
"386","Wales",2012,"LA","Blaenau Gwent ",NA,NA,NA,NA,NA,0,NA,NA,NA,NA,311.228,NA,6542.938,FALSE,NA,NA,NA,NA,NA
"387","Wales",2012,"LA","Torfaen ",NA,NA,NA,NA,NA,7,NA,NA,NA,NA,46,NA,8845,FALSE,NA,NA,NA,NA,NA
"388","Wales",2012,"LA","Monmouthshire ",NA,NA,NA,NA,NA,1146.71,NA,NA,NA,NA,686.008,NA,7533.589,FALSE,NA,NA,NA,NA,NA
"389","Wales",2012,"LA","Newport ",NA,NA,NA,NA,NA,660.439,NA,NA,NA,NA,866.829,NA,10771.19,FALSE,NA,NA,NA,NA,NA
"390","Wales",2012,"LA","Cardiff ",NA,NA,NA,NA,NA,6178,NA,NA,NA,NA,3592,NA,38661,FALSE,NA,NA,NA,NA,NA
"391","Wales",2013,"LA","Isle of Anglesey ",NA,NA,NA,NA,NA,388,NA,NA,NA,NA,303,NA,10114,FALSE,NA,NA,NA,NA,NA
"392","Wales",2013,"LA","Gwynedd ",NA,NA,NA,NA,NA,2097,NA,NA,NA,NA,1300,NA,17738,FALSE,NA,NA,NA,NA,NA
"393","Wales",2013,"LA","Conwy ",NA,NA,NA,NA,NA,1391.697,NA,NA,NA,NA,812.067,NA,9907.278,FALSE,NA,NA,NA,NA,NA
"394","Wales",2013,"LA","Denbighshire ",NA,NA,NA,NA,NA,1300,NA,NA,NA,NA,759,NA,9510.761,FALSE,NA,NA,NA,NA,NA
"395","Wales",2013,"LA","Flintshire ",NA,NA,NA,NA,NA,296.4271,NA,NA,NA,NA,807.0831,NA,17682.72,FALSE,NA,NA,NA,NA,NA
"396","Wales",2013,"LA","Wrexham ",NA,NA,NA,NA,NA,154.977,NA,NA,NA,NA,304.1623,NA,10414.46,FALSE,NA,NA,NA,NA,NA
"397","Wales",2013,"LA","Powys ",NA,NA,NA,NA,NA,1196.459,NA,NA,NA,NA,760.722,NA,15767.78,FALSE,NA,NA,NA,NA,NA
"398","Wales",2013,"LA","Ceredigion ",NA,NA,NA,NA,NA,1122.81,NA,NA,NA,NA,844.78,NA,11812.82,FALSE,NA,NA,NA,NA,NA
"399","Wales",2013,"LA","Pembrokeshire ",NA,NA,NA,NA,NA,1360,NA,NA,NA,NA,984,NA,12240,FALSE,NA,NA,NA,NA,NA
"400","Wales",2013,"LA","Carmarthenshire ",NA,NA,NA,NA,NA,2447.559,NA,NA,NA,NA,1652.378,NA,20376.96,FALSE,NA,NA,NA,NA,NA
"401","Wales",2013,"LA","Swansea ",NA,NA,NA,NA,NA,4618,NA,NA,NA,NA,3362,NA,20150,FALSE,NA,NA,NA,NA,NA
"402","Wales",2013,"LA","Neath Port Talbot ",NA,NA,NA,NA,NA,1507.012,NA,NA,NA,NA,1261.585,NA,15128.71,FALSE,NA,NA,NA,NA,NA
"403","Wales",2013,"LA","Bridgend ",NA,NA,NA,NA,NA,1356.798,NA,NA,NA,NA,860.902,NA,12775,FALSE,NA,NA,NA,NA,NA
"404","Wales",2013,"LA","Vale of Glamorgan ",NA,NA,NA,NA,NA,955,NA,NA,NA,NA,902,NA,10207,FALSE,NA,NA,NA,NA,NA
"405","Wales",2013,"LA","Rhondda Cynon Taf ",NA,NA,NA,NA,NA,1384.112,NA,NA,NA,NA,991.065,NA,18972.76,FALSE,NA,NA,NA,NA,NA
"406","Wales",2013,"LA","Merthyr Tydfil ",NA,NA,NA,NA,NA,831.6895,NA,NA,NA,NA,630.9492,NA,5804.218,FALSE,NA,NA,NA,NA,NA
"407","Wales",2013,"LA","Caerphilly ",NA,NA,NA,NA,NA,702,NA,NA,NA,NA,490.7,NA,18031.7,FALSE,NA,NA,NA,NA,NA
"408","Wales",2013,"LA","Blaenau Gwent ",NA,NA,NA,NA,NA,30,NA,NA,NA,NA,274.125,NA,5073.184,FALSE,NA,NA,NA,NA,NA
"409","Wales",2013,"LA","Torfaen ",NA,NA,NA,NA,NA,9,NA,NA,NA,NA,77,NA,9813,FALSE,NA,NA,NA,NA,NA
"410","Wales",2013,"LA","Monmouthshire ",NA,NA,NA,NA,NA,1182.541,NA,NA,NA,NA,597.906,NA,6741.991,FALSE,NA,NA,NA,NA,NA
"411","Wales",2013,"LA","Newport ",NA,NA,NA,NA,NA,604.873,NA,NA,NA,NA,588.953,NA,10579.67,FALSE,NA,NA,NA,NA,NA
"412","Wales",2013,"LA","Cardiff ",NA,NA,NA,NA,NA,6612.819,NA,NA,NA,NA,3688.334,NA,37909.2,FALSE,NA,NA,NA,NA,NA
"413","Wales",2014,"LA","Isle of Anglesey ",NA,NA,NA,NA,NA,456,NA,NA,NA,NA,299,NA,8746,FALSE,NA,NA,NA,NA,NA
"414","Wales",2014,"LA","Gwynedd ",NA,NA,NA,NA,NA,2027,NA,NA,NA,NA,1100,NA,17397,FALSE,NA,NA,NA,NA,NA
"415","Wales",2014,"LA","Conwy ",NA,NA,NA,NA,NA,1419.135,NA,NA,NA,NA,759.922,NA,9633.211,FALSE,NA,NA,NA,NA,NA
"416","Wales",2014,"LA","Denbighshire ",NA,NA,NA,NA,NA,1251,NA,NA,NA,NA,767,NA,8651.984,FALSE,NA,NA,NA,NA,NA
"417","Wales",2014,"LA","Flintshire ",NA,NA,NA,NA,NA,450.0001,NA,NA,NA,NA,458.2992,NA,15388.92,FALSE,NA,NA,NA,NA,NA
"418","Wales",2014,"LA","Wrexham ",NA,NA,NA,NA,NA,1044.501,NA,NA,NA,NA,579.7368,NA,8440.827,FALSE,NA,NA,NA,NA,NA
"419","Wales",2014,"LA","Powys ",NA,NA,NA,NA,NA,1363,NA,NA,NA,NA,748,NA,12212,FALSE,NA,NA,NA,NA,NA
"420","Wales",2014,"LA","Ceredigion ",NA,NA,NA,NA,NA,1150.479,NA,NA,NA,NA,825.28,NA,11876.67,FALSE,NA,NA,NA,NA,NA
"421","Wales",2014,"LA","Pembrokeshire ",NA,NA,NA,NA,NA,1521,NA,NA,NA,NA,1029,NA,10398,FALSE,NA,NA,NA,NA,NA
"422","Wales",2014,"LA","Carmarthenshire ",NA,NA,NA,NA,NA,2815.358,NA,NA,NA,NA,2025.534,NA,19401.56,FALSE,NA,NA,NA,NA,NA
"423","Wales",2014,"LA","Swansea ",NA,NA,NA,NA,NA,5171,NA,NA,NA,NA,3220,NA,21077,FALSE,NA,NA,NA,NA,NA
"424","Wales",2014,"LA","Neath Port Talbot ",NA,NA,NA,NA,NA,1494,NA,NA,NA,NA,1308,NA,13923,FALSE,NA,NA,NA,NA,NA
"425","Wales",2014,"LA","Bridgend ",NA,NA,NA,NA,NA,1267.642,NA,NA,NA,NA,1156.383,NA,11948.31,FALSE,NA,NA,NA,NA,NA
"426","Wales",2014,"LA","Vale of Glamorgan ",NA,NA,NA,NA,NA,788,NA,NA,NA,NA,637,NA,9433,FALSE,NA,NA,NA,NA,NA
"427","Wales",2014,"LA","Rhondda Cynon Taf ",NA,NA,NA,NA,NA,1409.513,NA,NA,NA,NA,864.274,NA,17768.3,FALSE,NA,NA,NA,NA,NA
"428","Wales",2014,"LA","Merthyr Tydfil ",NA,NA,NA,NA,NA,744.608,NA,NA,NA,NA,651.133,NA,5433.272,FALSE,NA,NA,NA,NA,NA
"429","Wales",2014,"LA","Caerphilly ",NA,NA,NA,NA,NA,721,NA,NA,NA,NA,522.77,NA,17208.04,FALSE,NA,NA,NA,NA,NA
"430","Wales",2014,"LA","Blaenau Gwent ",NA,NA,NA,NA,NA,38.483,NA,NA,NA,NA,261.541,NA,5510.545,FALSE,NA,NA,NA,NA,NA
"431","Wales",2014,"LA","Torfaen ",NA,NA,NA,NA,NA,12,NA,NA,NA,NA,63,NA,8762,FALSE,NA,NA,NA,NA,NA
"432","Wales",2014,"LA","Monmouthshire ",NA,NA,NA,NA,NA,1250.408,NA,NA,NA,NA,509.712,NA,6954.902,FALSE,NA,NA,NA,NA,NA
"433","Wales",2014,"LA","Newport ",NA,NA,NA,NA,NA,620.76,NA,NA,NA,NA,556.245,NA,10117.78,FALSE,NA,NA,NA,NA,NA
"434","Wales",2014,"LA","Cardiff ",NA,NA,NA,NA,NA,6900,NA,NA,NA,NA,3474,NA,28605,FALSE,NA,NA,NA,NA,NA
"435","Wales",2015,"LA","Isle of Anglesey ",NA,NA,NA,NA,NA,523,NA,NA,NA,NA,337,NA,9556,FALSE,NA,NA,NA,NA,NA
"436","Wales",2015,"LA","Gwynedd ",NA,NA,NA,NA,NA,2538,NA,NA,NA,NA,1130,NA,15377,FALSE,NA,NA,NA,NA,NA
"437","Wales",2015,"LA","Conwy ",NA,NA,NA,NA,NA,1886.046,NA,NA,NA,NA,827.782,NA,9121.286,FALSE,NA,NA,NA,NA,NA
"438","Wales",2015,"LA","Denbighshire ",NA,NA,NA,NA,NA,1300,NA,NA,NA,NA,842,NA,9097.823,FALSE,NA,NA,NA,NA,NA
"439","Wales",2015,"LA","Flintshire ",NA,NA,NA,NA,NA,438.855,NA,NA,NA,NA,861.707,NA,19712.12,FALSE,NA,NA,NA,NA,NA
"440","Wales",2015,"LA","Wrexham ",NA,NA,NA,NA,NA,896.2518,NA,NA,NA,NA,580.3312,NA,8262.764,FALSE,NA,NA,NA,NA,NA
"441","Wales",2015,"LA","Powys ",NA,NA,NA,NA,NA,1602,NA,NA,NA,NA,763,NA,11963,FALSE,NA,NA,NA,NA,NA
"442","Wales",2015,"LA","Ceredigion ",NA,NA,NA,NA,NA,980.259,NA,NA,NA,NA,964.394,NA,11642.85,FALSE,NA,NA,NA,NA,NA
"443","Wales",2015,"LA","Pembrokeshire ",NA,NA,NA,NA,NA,1783,NA,NA,NA,NA,1200,NA,9410,FALSE,NA,NA,NA,NA,NA
"444","Wales",2015,"LA","Carmarthenshire ",NA,NA,NA,NA,NA,3105.993,NA,NA,NA,NA,1712.004,NA,17228.74,FALSE,NA,NA,NA,NA,NA
"445","Wales",2015,"LA","Swansea ",NA,NA,NA,NA,NA,5446,NA,NA,NA,NA,3044,NA,21258,FALSE,NA,NA,NA,NA,NA
"446","Wales",2015,"LA","Neath Port Talbot ",NA,NA,NA,NA,NA,1376.046,NA,NA,NA,NA,1167.756,NA,13315.46,FALSE,NA,NA,NA,NA,NA
"447","Wales",2015,"LA","Bridgend ",NA,NA,NA,NA,NA,1219.9,NA,NA,NA,NA,988.229,NA,11702.83,FALSE,NA,NA,NA,NA,NA
"448","Wales",2015,"LA","Vale of Glamorgan ",NA,NA,NA,NA,NA,686,NA,NA,NA,NA,578,NA,9545,FALSE,NA,NA,NA,NA,NA
"449","Wales",2015,"LA","Rhondda Cynon Taf ",NA,NA,NA,NA,NA,1291.035,NA,NA,NA,NA,794.365,NA,17173.43,FALSE,NA,NA,NA,NA,NA
"450","Wales",2015,"LA","Merthyr Tydfil ",NA,NA,NA,NA,NA,689.98,NA,NA,NA,NA,518.726,NA,4955.889,FALSE,NA,NA,NA,NA,NA
"451","Wales",2015,"LA","Caerphilly ",NA,NA,NA,NA,NA,702,NA,NA,NA,NA,511.91,NA,15561.91,FALSE,NA,NA,NA,NA,NA
"452","Wales",2015,"LA","Blaenau Gwent ",NA,NA,NA,NA,NA,30,NA,NA,NA,NA,340.438,NA,5666.754,FALSE,NA,NA,NA,NA,NA
"453","Wales",2015,"LA","Torfaen ",NA,NA,NA,NA,NA,5,NA,NA,NA,NA,86,NA,8419,FALSE,NA,NA,NA,NA,NA
"454","Wales",2015,"LA","Monmouthshire ",NA,NA,NA,NA,NA,1420.871,NA,NA,NA,NA,489.976,NA,6757.765,FALSE,NA,NA,NA,NA,NA
"455","Wales",2015,"LA","Newport ",NA,NA,NA,NA,NA,639.8984,NA,NA,NA,NA,502.5744,NA,9701.41,FALSE,NA,NA,NA,NA,NA
"456","Wales",2015,"LA","Cardiff ",NA,NA,NA,NA,NA,7256.977,NA,NA,NA,NA,3762.95,NA,25787.29,FALSE,NA,NA,NA,NA,NA
"457","Wales",2016,"LA","Isle of Anglesey ",NA,NA,NA,NA,NA,605,NA,NA,NA,NA,358,NA,8494,FALSE,NA,NA,NA,NA,NA
"458","Wales",2016,"LA","Gwynedd ",NA,NA,NA,NA,NA,2490,NA,NA,NA,NA,1135,NA,16056,FALSE,NA,NA,NA,NA,NA
"459","Wales",2016,"LA","Conwy ",NA,NA,NA,NA,NA,1935.267,NA,NA,NA,NA,915.938,NA,8607.122,FALSE,NA,NA,NA,NA,NA
"460","Wales",2016,"LA","Denbighshire ",NA,NA,NA,NA,NA,1710.687,NA,NA,NA,NA,1052.634,NA,8595.111,FALSE,NA,NA,NA,NA,NA
"461","Wales",2016,"LA","Flintshire ",NA,NA,NA,NA,NA,598.6638,NA,NA,NA,NA,725.8859,NA,18462.25,FALSE,NA,NA,NA,NA,NA
"462","Wales",2016,"LA","Wrexham ",NA,NA,NA,NA,NA,974.097,NA,NA,NA,NA,838.0524,NA,9129.154,FALSE,NA,NA,NA,NA,NA
"463","Wales",2016,"LA","Powys ",NA,NA,NA,NA,NA,1684,NA,NA,NA,NA,789,NA,11137,FALSE,NA,NA,NA,NA,NA
"464","Wales",2016,"LA","Ceredigion ",NA,NA,NA,NA,NA,1108.664,NA,NA,NA,NA,588.608,NA,10515.36,FALSE,NA,NA,NA,NA,NA
"465","Wales",2016,"LA","Pembrokeshire ",NA,NA,NA,NA,NA,1867,NA,NA,NA,NA,1270,NA,9628,FALSE,NA,NA,NA,NA,NA
"466","Wales",2016,"LA","Carmarthenshire ",NA,NA,NA,NA,NA,3091.909,NA,NA,NA,NA,1764.262,NA,16495.95,FALSE,NA,NA,NA,NA,NA
"467","Wales",2016,"LA","Swansea ",NA,NA,NA,NA,NA,5666,NA,NA,NA,NA,3199,NA,25041,FALSE,NA,NA,NA,NA,NA
"468","Wales",2016,"LA","Neath Port Talbot ",NA,NA,NA,NA,NA,1374.55,NA,NA,NA,NA,1256.294,NA,13023.06,FALSE,NA,NA,NA,NA,NA
"469","Wales",2016,"LA","Bridgend ",NA,NA,NA,NA,NA,1127.487,NA,NA,NA,NA,832.518,NA,11210.22,FALSE,NA,NA,NA,NA,NA
"470","Wales",2016,"LA","Vale of Glamorgan ",NA,NA,NA,NA,NA,764,NA,NA,NA,NA,632,NA,9359,FALSE,NA,NA,NA,NA,NA
"471","Wales",2016,"LA","Rhondda Cynon Taf ",NA,NA,NA,NA,NA,1321.516,NA,NA,NA,NA,790.796,NA,16772.61,FALSE,NA,NA,NA,NA,NA
"472","Wales",2016,"LA","Merthyr Tydfil ",NA,NA,NA,NA,NA,607.813,NA,NA,NA,NA,504.046,NA,5731.751,FALSE,NA,NA,NA,NA,NA
"473","Wales",2016,"LA","Caerphilly ",NA,NA,NA,NA,NA,675,NA,NA,NA,NA,657.84,NA,14231.69,FALSE,NA,NA,NA,NA,NA
"474","Wales",2016,"LA","Blaenau Gwent ",NA,NA,NA,NA,NA,30,NA,NA,NA,NA,866.175,NA,6269.454,FALSE,NA,NA,NA,NA,NA
"475","Wales",2016,"LA","Torfaen ",NA,NA,NA,NA,NA,15,NA,NA,NA,NA,87,NA,8981,FALSE,NA,NA,NA,NA,NA
"476","Wales",2016,"LA","Monmouthshire ",NA,NA,NA,NA,NA,1522.203,NA,NA,NA,NA,593.581,NA,6228.367,FALSE,NA,NA,NA,NA,NA
"477","Wales",2016,"LA","Newport ",NA,NA,NA,NA,NA,642.502,NA,NA,NA,NA,633.041,NA,12047.67,FALSE,NA,NA,NA,NA,NA
"478","Wales",2016,"LA","Cardiff ",NA,NA,NA,NA,NA,7598.742,NA,NA,NA,NA,3940.961,NA,24484.54,FALSE,NA,NA,NA,NA,NA
"479","Wales",2017,"LA","Isle of Anglesey ",NA,NA,NA,NA,NA,639,NA,NA,NA,NA,351,NA,8788,FALSE,NA,NA,NA,NA,NA
"480","Wales",2017,"LA","Gwynedd ",NA,NA,NA,NA,NA,2539,NA,NA,NA,NA,1157,NA,14680,FALSE,NA,NA,NA,NA,NA
"481","Wales",2017,"LA","Conwy ",NA,NA,NA,NA,NA,1903.485,NA,NA,NA,NA,954.178,NA,8846.731,FALSE,NA,NA,NA,NA,NA
"482","Wales",2017,"LA","Denbighshire ",NA,NA,NA,NA,NA,1516.686,NA,NA,NA,NA,1052.62,NA,9256.41,FALSE,NA,NA,NA,NA,NA
"483","Wales",2017,"LA","Flintshire ",NA,NA,NA,NA,NA,570.91,NA,NA,NA,NA,678.484,NA,18874.34,FALSE,NA,NA,NA,NA,NA
"484","Wales",2017,"LA","Wrexham ",NA,NA,NA,NA,NA,1112.864,NA,NA,NA,NA,812.1624,NA,8471.759,FALSE,NA,NA,NA,NA,NA
"485","Wales",2017,"LA","Powys ",NA,NA,NA,NA,NA,1652.771,NA,NA,NA,NA,821.52,NA,11685.79,FALSE,NA,NA,NA,NA,NA
"486","Wales",2017,"LA","Ceredigion ",NA,NA,NA,NA,NA,1055.016,NA,NA,NA,NA,567.214,NA,11030.77,FALSE,NA,NA,NA,NA,NA
"487","Wales",2017,"LA","Pembrokeshire ",NA,NA,NA,NA,NA,1916,NA,NA,NA,NA,1319,NA,8300,FALSE,NA,NA,NA,NA,NA
"488","Wales",2017,"LA","Carmarthenshire ",NA,NA,NA,NA,NA,3035.068,NA,NA,NA,NA,2114.892,NA,16622.75,FALSE,NA,NA,NA,NA,NA
"489","Wales",2017,"LA","Swansea ",NA,NA,NA,NA,NA,5931.514,NA,NA,NA,NA,3086.619,NA,21733.57,FALSE,NA,NA,NA,NA,NA
"490","Wales",2017,"LA","Neath Port Talbot ",NA,NA,NA,NA,NA,1499.981,NA,NA,NA,NA,1331.721,NA,13827.42,FALSE,NA,NA,NA,NA,NA
"491","Wales",2017,"LA","Bridgend ",NA,NA,NA,NA,NA,1138.637,NA,NA,NA,NA,888.598,NA,11135.73,FALSE,NA,NA,NA,NA,NA
"492","Wales",2017,"LA","Vale of Glamorgan ",NA,NA,NA,NA,NA,737,NA,NA,NA,NA,686,NA,9961.355,FALSE,NA,NA,NA,NA,NA
"493","Wales",2017,"LA","Rhondda Cynon Taf ",NA,NA,NA,NA,NA,1089.778,NA,NA,NA,NA,905.616,NA,17179.33,FALSE,NA,NA,NA,NA,NA
"494","Wales",2017,"LA","Merthyr Tydfil ",NA,NA,NA,NA,NA,725.231,NA,NA,NA,NA,510.397,NA,5151.347,FALSE,NA,NA,NA,NA,NA
"495","Wales",2017,"LA","Caerphilly ",NA,NA,NA,NA,NA,641.423,NA,NA,NA,NA,550.429,NA,17260.5,FALSE,NA,NA,NA,NA,NA
"496","Wales",2017,"LA","Blaenau Gwent ",NA,NA,NA,NA,NA,30.211,NA,NA,NA,NA,483.275,NA,6303.688,FALSE,NA,NA,NA,NA,NA
"497","Wales",2017,"LA","Torfaen ",NA,NA,NA,NA,NA,4,NA,NA,NA,NA,82,NA,7961,FALSE,NA,NA,NA,NA,NA
"498","Wales",2017,"LA","Monmouthshire ",NA,NA,NA,NA,NA,1534.746,NA,NA,NA,NA,670.785,NA,5990.751,FALSE,NA,NA,NA,NA,NA
"499","Wales",2017,"LA","Newport ",NA,NA,NA,NA,NA,591.316,NA,NA,NA,NA,285.733,NA,10175.94,FALSE,NA,NA,NA,NA,NA
"500","Wales",2017,"LA","Cardiff ",NA,NA,NA,NA,NA,8629.129,NA,NA,NA,NA,4764.262,NA,22055.76,FALSE,NA,NA,NA,NA,NA
